name,mass,pos_x,pos_y,vel_x,vel_y
x_1,1,-1,0,0.18428,0.58719
x_2,1,1,0,0.18428,0.58719
x_3,1,0,0,-0.36856,-1.17438