name,mass,pos_x,pos_y,vel_x,vel_y
x_1,1,-1,0,0.347111,0.532728
x_2,1,1,0,0.347111,0.532728
x_3,1,0,0,-0.694222,-1.065456
