name,mass,pos_x,pos_y,vel_x,vel_y
x_1,1,-1,0,0.083300,0.127889
x_2,1,1,0,0.083300,0.127889
x_3,1,0,0,-0.1666,-0.255778
