name,mass,pos_x,pos_y,vel_x,vel_y
x_1,1,-1,0,0.464445,0.396060
x_2,1,1,0,0.464445,0.396060
x_3,1,0,0,-0.92889,-0.79212
