name,mass,pos_x,pos_y,vel_x,vel_y
x_1,1,-1,0,0.559064,0.349192
x_2,1,1,0,0.559064,0.349192
x_3,1,0,0, -1.118128,-0.698384
