name,mass,pos_x,pos_y,vel_x,vel_y
x_1,1,-1,0,0.39295,0.09758
x_2,1,1,0,0.39295,0.09758
x_3,1,0,0,-0.7859,-0.19516